Ar;Eletkor;Nev;Kategoria;Elemek szama
8790;7;Geomag color 64db;COLOR;64
8790;5;Geomag panel fekete-feher 68 db;PANEL;68
14190;5;Geomag panel fekete-feher 104 db;PANEL;104
4590;5;Geomag Panels 32db;PANEL;32
7190;5;Geomag Panels 50db;PANEL;50
6690;3;Geomag foszforeszkalo 40 db;GLOW;40
4390;3;Geomag foszforeszkalo 22 db;GLOW;22
10490;3;Geomag foszforeszkalo 64 db;GLOW;64
15190;5;Geomag MECHANICS 146 db;MECHANICS;146
21790;5;Geomag MECHANICS 222 db;MECHANICS;222
22990;7;Geomag Mechanics Gravitacios Fel es le palya 330 db;MECHANICS;330
